% Desconto,Oferta,Link,Cupom
10% OFF,Para sua compra no app desta listagem,www.kabum.com.br/promocao/APPNINJA,APPNINJA
5% OFF,Em sua 1ª compra no kabum!,www.kabum.com.br/,TONOKABUM
20% OFF,Em ssd kingston,www.kabum.com.br/promocao/SSDKINGSTON20OFF,KINGSTON20
10% OFF,Em produtos selecionados,www.kabum.com.br/promocao/KORUJAO,KORUJAO
5% OFF,Em smartphones motorola,www.kabum.com.br/promocao/SMARTMOTO10,SMART10
10% OFF,Seu desconto acabou de chegar,www.kabum.com.br/promocao/FOMEDEOFERTAS2024,FOME10
7% OFF,No controle sony dualsense fortnite ps5,www.kabum.com.br/produto/641041/controle-sony-dualsense-fortnite-ps5-sem-fio-edicao-limitada-1000045233,FORTNITE7
5% OFF,Em notebooks,www.kabum.com.br/computadores/notebooks,NOTE5OFF
15% OFF,Nesta seleção de gabinetes galax,www.kabum.com.br/promocao/GAB15OFF,GAB15OFF
15% OFF,Para seleção de periféricos,www.kabum.com.br/promocao/CUPOMPERIOFFICE15,PERIOFFICE15
10% OFF,Nesta lista de teclados e mouses,www.kabum.com.br/promocao/TECMOU10,TECMOU10
15% OFF,Na sua mochila lenovo,www.kabum.com.br/produto/131924/mochila-casual-para-notebook-lenovo-b210-ate-15-6-poliester-preto-gx40q17225,MOCHILA15
12% OFF,Para fc 25 e fc 24,www.kabum.com.br/promocao/CUPOM12OFFGAMES,FC2025
